{"cameraMode":{"drawMode":0,"name":"Shaded","section":"Shading Mode"},"sceneLighting":false,"audioPlay":false,"sceneViewState":{"showFog":true,"showMaterialUpdate":false,"showSkybox":false,"showFlares":true,"showImageEffects":true,"showParticleSystems":true},"in2DMode":false,"pivot":{"x":-10.108250617980957,"y":0.6848663091659546,"z":454.1135559082031},"rotation":{"x":-0.07504650950431824,"y":-0.9227381348609924,"z":0.23199141025543214,"w":-0.2985282838344574},"size":1.1446245908737183,"orthographic":false}