{"cameraMode":{"drawMode":0,"name":"Shaded","section":"Shading Mode"},"sceneLighting":false,"audioPlay":false,"sceneViewState":{"showFog":true,"showMaterialUpdate":false,"showSkybox":false,"showFlares":true,"showImageEffects":true,"showParticleSystems":true},"in2DMode":false,"pivot":{"x":-0.0014160796999931336,"y":-0.005017876625061035,"z":0.0391789972782135},"rotation":{"x":0.14442937076091767,"y":-0.7700145840644836,"z":0.592454731464386,"w":0.18769975006580354},"size":0.23746758699417115,"orthographic":false}